{"current":{"general_layout":"full_width","cus_w_bd":1420,"body_bg":"rgba(0,0,0,0)","body_bg_image":"shopify:\/\/shop_images\/Background-Image_1728x_bd95eaf3-22a1-48ca-8e9e-891929904df5.jpg","body_bg_repeat":"default","body_bg_size":"default","body_bg_attachment":"default","body_bg_position":"default","home_keywords":"Ezmodent | Dental Care","shop_author":"","global_acc":"","use_rtl":false,"backtop":"3","backtop_des":"1","prevent_copying":false,"falling_snow":false,"catalog_mode":false,"enable_toolbar":true,"enable_new_pp":false,"enable_pro_pr_pp":true,"enable_ck_pp":false,"enable_age_pp":false,"enable_salse_pp":true,"enable_salse_pp_mb":false,"platform_email":"1","klaviyo_list_id":"","ajax_klaviyo":true,"action_mailchimp":"","ajax_mailChimp":true,"checkbox_mail":false,"link_mail":"","enable_growave":false,"enable_sub_reCharge":false,"enable_infiniteoptions":true,"wishlist_type":"1","wis_atc_added":"1","enable_compe":false,"app_review":"1","label_settings":"rounded","use_sale_label":true,"label_sale_style":"2","use_sold_out_label":true,"use_new_label":false,"new_day_added":10,"c_1":"","c_2":"","c_3":"","c_4":"","timezone":"","enable_meta":true,"enable_tag":true,"filter_price_list":"$7-$50, $50-$150, $150-$500","logo_svg":"","logo":"shopify:\/\/shop_images\/EZMODENT.png","logo_retina":"","logo_width":315,"logos":"shopify:\/\/shop_images\/Copy-of-Untitled-17.png","logos_retina":"shopify:\/\/shop_images\/Copy-of-Untitled-17.png","logos_width":295,"logo_mb":"shopify:\/\/shop_images\/Copy-of-Untitled-17.png","logo_mb_retina":"","logo_mb_width":175,"logo_tr_svg":"","logo_tr":"","logo_tr_retina":"","logo_tr_width":100,"h_banner":false,"h_topbar":true,"full_header":true,"sticky_header":true,"scroll_header":false,"header_design":"3","h_transparent":false,"h_tr_top":false,"h_navmb":62,"mb_cat":true,"only_icon":false,"first_cat":false,"h__bgimg":"","bgnav":"#ffffff","opnav":100,"clnav":"#222222","bgnavst":"#ffffff","opnavst":100,"clnavst":"#222222","bgnavtr":"#000000","opnavtr":40,"clnavtr":"#ffffff","h_icon":"iccl","show_search":true,"show_wis":true,"show_acc":true,"cart_des":"1","bg_hc":"#000000","cl_hc":"#ffffff","dark":false,"dark_cl3":"#000000","btnt4_style":"2","cl_bd_text":"#000000","color_primary":"#00badb","cl_hd":"#222","cl_se_tt":"#32355d","cl_se_subtt":"#0b0b0b","ld_bar":"#00badb","cl_sale":"#ff4e00","cl_new":"#109533","cl_sold_out":"#999","clpr_tt":"#222","clpr_price":"#32355d","clpr_price_sale":"#ec0101","clpr_price_goc":"#878787","atw_btn":"#fff","bgqv_btn":"#cae9ec","qv_btn":"#222","bgqv_btn_hover":"#ff6f96","qv_btn_hover":"#fff","bgatc_btn":"#cae9ec","atc_btn":"#222","bgatc_btn_hover":"#ff6f96","atc_btn_hover":"#fff","bgatc_pg":"#32355d","atc_pg":"#fff","bgatc_pg_hover":"#222","atc_pg_hover":"#fff","bgck_btn":"#000","ck_btn":"#fff","bgck_btn_hover":"#222","ck_btn_hover":"#fff","cl_tooltip":"#383838","cl_tooltip_txt":"#fff","cl_lazyload":"#56cfe1","bg_lazyload":"#f5f5f5","use_cus_lz":false,"cus_lz":"","size_cus_lz":60,"font_source":"2","fnt_bd":"poppins_n4","fnt_heading":"poppins_n4","fnt_sub_tt":"poppins_n4","fnt_bd2":"Poppins","fnt_heading2":"Poppins","fnt_sub_tt2":"Libre Baskerville","size_bd_text":14,"fw_bd":400,"bd_line_height":1.7,"hd_letter_spacing":0,"fw_hd":600,"hd_line_height":1.4,"ls_hd":0,"fs_nav":14,"fw_nav":400,"ls_nav":0,"size_se_tt":24,"fw_se_tt":600,"lh_se_tt":0,"ls_se_tt":0,"size_se_tt_mb":24,"fw_se_tt_mb":600,"lh_se_tt_mb":0,"ls_se_tt_mb":0,"size_se_stt":14,"fw_se_stt":400,"lh_se_stt":0,"ls_se_stt":0,"size_se_stt_mb":14,"fw_se_stt_mb":400,"lh_se_stt_mb":0,"ls_se_stt_mb":0,"txt_tr_pr":"capitalize","size_pr":14,"size_price_pr":14,"fw_pr":500,"ls_pr":0,"space_pr":15,"shop_layout":"default","shop_des":"default","cat_des":"1","shop_sidebar":"none","shop_size_sidebar":"2","use_hidden_cat":false,"space_sidebar":30,"ajax_shop":true,"ajax_scroll_top":false,"show_column_switch":true,"show_list_switch":true,"default_list_view":false,"sort_enable":true,"cat_sticky":true,"shop_filters":true,"pop_style":"pop_default","type_filters":"1","logic_filter":"1","auto_hide_ofsock":false,"show_hide_ofsock":false,"pr_layout":"default","design_products":"4","size_img_pr":"2","nav_img_pr":"medium","use_sticky_des":false,"main_click":"zoom","zoom_tp":"2","pswp_tp":"light","show_zoom_img":true,"des_pr_design":"1","des_pr_layout":"1","pr_sidebar":"none","pr_sidebar_full":false,"pr_size_sidebar":"2","pr_curent":"1","fbt_pos":"1","show_first_img":true,"use_vimg":true,"sticky_atc":true,"social_pr":true,"enable_vlooping":true,"use_fimg":false,"color_ck":"","use_clicking_vimg":false,"enable_his":false,"pr_incoming_mess":false,"date_in":"3","remove_sold_out":false,"use_notify_me":true,"breadcrumb_pr":true,"back_next_pr":true,"ratio_img_main":"ratio_imgtrue","img_size_main":"nt_contain","img_pos_main":"8","ratio_img_thumb":"ratio_imgtrue","img_size_thumb":"nt_cover","img_pos_thumb":"8","share_source":"2","use_quickview":true,"use_pr_rating":false,"hide_btns":false,"bordered_grid2":"1","sw_limit":false,"price_format":"1","show_pr_img":"2","hover_img":"2","pr_overlay":10,"use_quickshop":true,"use_buy_qs":true,"swatch_design":"2","style_color":"1","swatch_style":"1","swatch_size":"medium","show_pr_color":false,"show_color_type":"1","pr_swatch_setting":"1","swatch_home_size":"small","swatch_style_settings":"rounded","show_pr_size":true,"show_size_type":"1","size_ck":"","min_qty":"0","edit_item":"0","use_cart_cd":true,"cart_unit":"hrs","cart_time":60,"cart_pos":"side","after_action_atc":"3","search_pos":"canvas","ajax_search":true,"filter_type_search":false,"only_search_prs":true,"unavailable_prs":"last","prefix":"none","show_search_suggest":true,"search_prs_suggest":"","blog_layout":"default","blog_sidebar":"none","blog_size_sidebar":"2","blog_slider":true,"lr_enable":true,"use_privacy_policy":false,"privacy_policy_link":"","login_side":true,"checkout_url":"","growave_social_login":false,"free_ship_pr":"","shipconfetti":true,"gift_wrap_pr":"","link_ship":"","link_conditions":"","ship_calc_df_country":"United States","map":"<iframe src=\"https:\/\/www.google.com\/maps\/embed?pb=!1m18!1m12!1m3!1d3154.8939060848147!2d144.81158271584684!3d-37.74563313792195!2m3!1f0!2f0!3f0!3m2!1i1024!2i768!4f13.1!3m3!1m2!1s0x6ad65fa6debeb781%3A0xe1d23f5d1759961e!2s184%20Main%20Rd%20E%2C%20St%20Albans%20VIC%203021%2C%20%C3%9Ac!5e0!3m2!1svi!2s!4v1618277125252!5m2!1svi!2s\" width=\"600\" height=\"450\" style=\"border:0;\" allowfullscreen=\"\" loading=\"lazy\"><\/iframe>","show_map":false,"show_locale_selector":true,"lang_pos":"0","show_multiple_currencies":true,"auto_currency":false,"currency_type":"1","flag_currency":true,"size_currency":"sm","currency_pos":"0","supported_currencies":"EUR - EUR | USD - USD | GBP - GBP| SEK -SEK","currency_format":"money_format","round_currency":false,"notify_currency":true,"mess_currency":"All charges are billed in {{ currency }}. While the content of your cart is currently displayed in <span class=\"selected-currency\"><\/span>, the checkout will use {{ currency }} at the most current exchange rate.","hover_currency":false,"custom_css":false,"global_css":"","desktop_css":"","tablet_mobile_css":"","tablet_css":"","mobile_css":"","custom_js":false,"share_image":"","share_facebook":true,"share_twitter":false,"share_pinterest":true,"share_tumblr":true,"share_email":true,"share_telegram":true,"share_whatsapp":false,"social_facebook_link":"#","social_twitter_link":"","social_instagram_link":"#","social_dribbble_link":"","social_linkedin_link":"","social_pinterest_link":"","social_tumblr_link":"","social_youtube_link":"#","social_behance_link":"","social_soundcloud_link":"","favicon":"","favicon_apple":"","checkout_header_image":"","checkout_logo_image":"","checkout_logo_position":"left","checkout_logo_size":"small","checkout_body_background_image":"","checkout_body_background_color":"#fff","checkout_input_background_color_mode":"white","checkout_sidebar_background_image":"","checkout_sidebar_background_color":"#fafafa","checkout_heading_font":"-apple-system, BlinkMacSystemFont, 'Segoe UI', Roboto, Helvetica, Arial, sans-serif, 'Apple Color Emoji', 'Segoe UI Emoji', 'Segoe UI Symbol'","checkout_body_font":"-apple-system, BlinkMacSystemFont, 'Segoe UI', Roboto, Helvetica, Arial, sans-serif, 'Apple Color Emoji', 'Segoe UI Emoji', 'Segoe UI Symbol'","checkout_accent_color":"#197bbd","checkout_button_color":"#197bbd","checkout_error_color":"#e32c2b","enable_import":true,"use_eq_thumb_height":false,"img_ratio_thumb":"ratio_nt","use_eq_nav_height":false,"img_ratio_nav":"ratio_nt","img_size_nav":"nt_cover","img_pos_nav":"8","hide_currency":false,"remove_currency":false,"sup_currency":false,"fv_counter":false,"favicon_animation":"pop","fv_bgcolor":"#56cfe1","fv_txtcolor":"#ffffff","enable_pro_pp":false,"operation_days":"Mon:1700-2100,Tue:1700-2100,Wed:1700-2200,Thu:1700-2200,Fri:1700-2300,Sat:1200-2300,Sun:1200-2100","timezones":"America\/Los_Angeles","sale_cl":"#ec0101","color_body_text":"#555555","color_price_sale":"#ec0101","color_lazyload":"#f5f5f5","color_secondary":"#1b1919","color_sale":"#ff4e00","color_new":"#56cfd9","color_sold_out":"#999","color_btn_slider":"#f76b6a","color_btn_slider_text":"#fff","color_btn_add":"#f76b6a","color_btn_add_text":"#fff","color_btn_qv":"#383838","color_btn_qv_text":"#fff","color_btn_vc":"#2d2d2d","color_btn_vc_text":"#fff","color_btn_ck":"#f76b6a","color_btn_ck_text":"#fff","color_threshold_bar":"#ff4b4b","color_ship":"#f76b6a","color_ship_bar":"#95bf47","color_add_page":"#f76b6a","color_add_page_text":"#fff","color_add_sticky":"#f76b6a","color_add_sticky_text":"#fff","border_color_tab":"#f76b6a","color_mbnav":"#f76b6a","color_mbnav_text":"#fff","color_vernav":"#f76b6a","color_vernav_text":"#fff","color_btn_now":"#000","color_btn_now_text":"#fff","color_input_new":"#333333","color_sign_up":"#f76b6a","color_sign_up_text":"#fff","color_backtop":"#f76b6a","color_backtop_text":"#fff","color_tooltip":"#383838","color_tooltip_text":"#fff","font_body_text":"poppins_n4","size_body_text":14.5,"body_line_height":1.2,"font_heading":"poppins_n4","titles_line_height":1.4,"size_heading":36,"size_text_h1":28,"size_text_h2":24,"size_text_h3":22,"size_text_h4":18,"size_text_h5":16,"size_text_h6":12,"fnt_sub_title":"libre_baskerville_i4","show_back_next_pr":true,"upsell_cart":"","show_custom_css":false,"show_custom_js":false,"color_sale_50":"#ff4e00","show_inline_t4css":true,"sections":{"header_top":{"type":"header_top","blocks":{"header_top-0":{"type":"text","settings":{"text":"<i class=\"pegk pe-7s-mail ml__15\"><\/i> <a class=\"cg\" href=\"mailto:ezmodent@gmail.com\">ezmodent@gmail.com<\/a>","hide":true,"col":"4"}},"header_top-1":{"type":"text","settings":{"text":"<b>FREE SHIPPING ON ALL ORDERS <b><span class=\"cr\"><\/span>!<\/b><\/b>","hide":false,"col":"4"}},"fba23b26-8c95-4bcf-b81e-881cec900a34":{"type":"social","settings":{"social":"2","hide":true,"col":"4"}}},"block_order":["header_top-0","header_top-1","fba23b26-8c95-4bcf-b81e-881cec900a34"],"settings":{"height":41,"fontsize":12,"cl":"#000000","cl_a":"#222222","cl_cr":"#ec0101","bg":"#bebebe","bg_op":100,"show_border":false,"bd_cl":"#000000","cl_tr":"#ffffff","cl_a_tr":"#ffffff","cl_cr_tr":"#ec0101","bg_tr":"#000000","bg_op_tr":10,"show_border_tr":false,"bd_cl_tr":"#b3b3b3"}},"header_3":{"type":"header_3","blocks":{"6faee382-6cbb-4fc7-8077-5891123c13f4":{"type":"simple","settings":{"title":"Home","url":"https:\/\/ezmodent.myshopify.com\/","open_link":"_self","icon":"https:\/\/icons8.com\/icon\/83326\/home--v2","cus_cl":false,"cl":"#ec0101","lb":"","lb_cl":""}},"f5e0dcd4-2c80-4336-a459-9b20c843aa4d":{"type":"simple","settings":{"title":"View All","url":"shopify:\/\/collections\/all","open_link":"_self","icon":"","cus_cl":false,"cl":"#ec0101","lb":"","lb_cl":"#e71010"}},"ae3cf10f-c791-40a6-93ff-3ae76077d18b":{"type":"mega","settings":{"title":"Our Categories","url":"shopify:\/\/collections","open_link":"_self","icon":"","cus_cl":false,"cl":"#00badb","lb":"Sale","lb_cl":"","lazy_mn":true,"pos":"center","wid":"full nav_t4cnt","cus_wid":1200}},"4a638fb0-6dd1-44ef-81cb-4cd5751597d4":{"type":"link","settings":{"tt_hd":"Our Categories","url":"","open_link":"_self","menu":"our-categories","col":"4"}},"3ef918c3-2e8c-419e-8db6-3a9b62cd9827":{"type":"banner","settings":{"image":"shopify:\/\/shop_images\/Untitled_design_68.png","url":"shopify:\/\/collections\/dental-care","open_link":"_self","html":"","cap_v_pos":50,"cap_h_pos":50,"txt_align":"tc","cl_txt":"#ffffff","cl_overlay":"#000000","cl_opacity":0,"col":"4"}},"52c4cd59-5a2f-4323-b549-a600c527ec72":{"type":"banner","settings":{"image":"shopify:\/\/shop_images\/Untitled_design_69.png","url":"shopify:\/\/collections\/frontpage","open_link":"_self","html":"","cap_v_pos":50,"cap_h_pos":50,"txt_align":"tc","cl_txt":"#ffffff","cl_overlay":"#000000","cl_opacity":0,"col":"4"}},"2e002da7-a7aa-4eb4-9974-0560b8a3e85c":{"type":"simple","settings":{"title":"Contact us","url":"shopify:\/\/pages\/contact","open_link":"_self","icon":"","cus_cl":false,"cl":"#ec0101","lb":"","lb_cl":""}},"a17bb2f1-7036-42b8-9c70-752d42dff2f0":{"type":"simple","settings":{"title":"Track Order","url":"shopify:\/\/pages\/order-tracking-form","open_link":"_self","icon":"","cus_cl":false,"cl":"#ec0101","lb":"","lb_cl":""}},"94637489-6634-4c26-b769-11868c9f1908":{"type":"simple","settings":{"title":"Health Blog","url":"shopify:\/\/blogs\/news","open_link":"_self","icon":"","cus_cl":false,"cl":"#ec0101","lb":"","lb_cl":""}},"46ec4bea-3b0a-49f8-a30e-b0e5ee821093":{"type":"simple","settings":{"title":"Book Appointment","url":"shopify:\/\/pages\/appointment","open_link":"_self","icon":"","cus_cl":false,"cl":"#ec0101","lb":"","lb_cl":""}}},"block_order":["6faee382-6cbb-4fc7-8077-5891123c13f4","f5e0dcd4-2c80-4336-a459-9b20c843aa4d","ae3cf10f-c791-40a6-93ff-3ae76077d18b","4a638fb0-6dd1-44ef-81cb-4cd5751597d4","3ef918c3-2e8c-419e-8db6-3a9b62cd9827","52c4cd59-5a2f-4323-b549-a600c527ec72","2e002da7-a7aa-4eb4-9974-0560b8a3e85c","a17bb2f1-7036-42b8-9c70-752d42dff2f0","94637489-6634-4c26-b769-11868c9f1908","46ec4bea-3b0a-49f8-a30e-b0e5ee821093"],"settings":{"height":70,"arrow":false,"align":"tc","hover":"hover_side_up"}},"footer_top":{"type":"footer_top","blocks":{"1581507819652":{"type":"logo","settings":{"align":"tl_md","align_mb":"tl","logo_width":255,"title":"Get in touch","content":"<p><\/p><p><i class=\"pegk pe-7s-mail\"><\/i><span> <a href=\"mailto:ezmodent@gmail.com\"> ezmodent@gmail.com<\/a><\/span><\/p><p><\/p>","social_mode":"3","order":"1","cl":"3","cl_tb":"6","cl_mb":"12"}},"1581507824602":{"type":"menu","settings":{"title":"Our Policies","menu":"our-policies","order":"1","cl":"3","cl_tb":"6","cl_mb":"12"}},"1581507828337":{"type":"menu","settings":{"title":"Quick Links","menu":"footer","order":"1","cl":"3","cl_tb":"6","cl_mb":"12"}},"1581507835369":{"type":"mail","settings":{"newl_des":"1","btn_icon":false,"title":"Newsletter Signup","sub_title":"Subscribe to our newsletter and get 10% off your first purchase","source":"1","svg":"amazon_payments,american_express,apple_pay,bitcoin,dankort,diners_club,discover,dogecoin,dwolla,forbrugsforeningen,interac,google_pay,jcb,klarna,klarna-pay-later,litecoin,maestro,master,paypal,shopify_pay,sofort,visa","height":30,"order":"1","cl":"3","cl_tb":"6","cl_mb":"12"}}},"block_order":["1581507819652","1581507824602","1581507828337","1581507835369"],"settings":{"sticky":false,"accordions":true,"border":false,"bd_cl":"#000000","cl_h":"#ffffff","cl":"#cccccc","cl_a":"#cccccc","cl_hover":"#32355d","cl_ip":"#cccccc","bd_ip":"#878787","cl_btn":"#32355d","bg":"#000000","bg_repeat":"no-repeat","bg_size":"cover","bg_att":"scroll","bg_pos":"center center","cl_overlay":"#000000","cl_opacity":0}},"footer_bot":{"type":"footer_bot","blocks":{"1581507860120":{"type":"copy","settings":{"text":"Copyright © [year]"}},"1581507855652":{"type":"menu","settings":{"menu":"footer"}}},"block_order":["1581507860120","1581507855652"],"settings":{"layout":"6","bg":"#32355d","cl":"#ffffff","cl_a":"#ffffff","cl_hover":"#56cfe1"}},"nt_custom_color":{"type":"nt_custom_color","blocks":{"1581560115613":{"type":"bg_color","settings":{"title":"White Cream","color_1_c":"#ffffff","color_2_c":"#000000","color_img":true}},"1581560307303":{"type":"bg_color","settings":{"title":"Pink Clay","color_1_c":"#fcc6de","color_2_c":"#aa8a6c","color_img":true}}},"block_order":["1581560115613","1581560307303"],"settings":{}},"cart_widget":{"type":"cart_widget","blocks":{"cart_widget-0":{"type":"price","settings":{}},"cart_widget-1":{"type":"tax","settings":{}},"cart_widget-2":{"type":"agree","settings":{}},"cart_widget-3":{"type":"btnc","settings":{}},"cart_widget-4":{"type":"btnck","settings":{}},"cart_widget-5":{"type":"btnmr","settings":{}},"cart_widget-6":{"type":"img","settings":{}},"cart_widget-7":{"type":"btn","settings":{"title":"Return To Shop","url":"","style":"primary tu"}}},"block_order":["cart_widget-0","cart_widget-1","cart_widget-2","cart_widget-3","cart_widget-4","cart_widget-5","cart_widget-6","cart_widget-7"],"settings":{"style":"1","pos":"2","enable_pr":true,"calc_ship":true,"show_note":true,"show_rates":true,"show_discount":true,"show_gift_wrap":true}},"mb_nav":{"type":"mb_nav","blocks":{"dbadd8c1-3c28-4d19-b912-3102a6a5c291":{"type":"menu","settings":{"title":"Home","url":"https:\/\/ezmodent.myshopify.com\/","open_link":"_self","menu":"","icon":"","lb":"","lb_cl":"#e71010"}},"a02e4cd7-4edc-4ec3-9ac4-9ae2570f508c":{"type":"menu","settings":{"title":"Shop","url":"shopify:\/\/collections\/all","open_link":"_self","menu":"","icon":"","lb":"sale","lb_cl":""}},"39251728-aafa-4cf3-9685-dfd88a85fbe0":{"type":"menu","settings":{"title":"Categories","url":"shopify:\/\/pages\/contact-us","open_link":"_self","menu":"our-categories","icon":"","lb":"","lb_cl":""}},"2ec23ff9-ae79-45a0-8623-de12f7d321d5":{"type":"menu","settings":{"title":"Contact us","url":"shopify:\/\/pages\/contact","open_link":"_self","menu":"","icon":"","lb":"","lb_cl":""}},"f4df42ea-1047-4605-b2d8-6ea8cfe756bb":{"type":"menu","settings":{"title":"Health Blog","url":"shopify:\/\/blogs\/news","open_link":"_self","menu":"","icon":"","lb":"","lb_cl":""}},"mb_nav-4":{"type":"wis","settings":{}},"mb_nav-5":{"type":"sea","settings":{}},"mb_nav-6":{"type":"acc","settings":{}},"mb_nav-8":{"type":"cur","settings":{}},"1599620808818":{"type":"lang","settings":{}},"3b23308d-de3d-4960-b063-daef9afdc5c3":{"type":"menu","settings":{"title":"Book Appointment","url":"shopify:\/\/pages\/appointment","open_link":"_self","menu":"","icon":"","lb":"","lb_cl":""}}},"block_order":["dbadd8c1-3c28-4d19-b912-3102a6a5c291","a02e4cd7-4edc-4ec3-9ac4-9ae2570f508c","39251728-aafa-4cf3-9685-dfd88a85fbe0","2ec23ff9-ae79-45a0-8623-de12f7d321d5","f4df42ea-1047-4605-b2d8-6ea8cfe756bb","mb_nav-4","mb_nav-5","mb_nav-6","mb_nav-8","1599620808818","3b23308d-de3d-4960-b063-daef9afdc5c3"],"settings":{}},"mb_cat":{"type":"mb_cat","blocks":{"1585642167981":{"type":"cat","settings":{"cat":"dental-care","title":"","url":"","menu":"","lb":"","lb_cl":"#e91e63","icons_op":"2","icon":""}},"1585642277236":{"type":"cat","settings":{"cat":"frontpage","title":"","url":"","menu":"","lb":"","lb_cl":"#e91e63","icons_op":"2","icon":""}},"1585642450066":{"type":"cat","settings":{"cat":"tooth-brush-and-cleaner","title":"","url":"","menu":"","lb":"","lb_cl":"#e91e63","icons_op":"2","icon":""}}},"block_order":["1585642167981","1585642277236","1585642450066"],"settings":{}},"toolbar_mobile":{"type":"toolbar_mobile","blocks":{"toolbar_mobile-0":{"type":"shop","settings":{"title":"Shop","link":""}},"1581912867486":{"type":"filter","settings":{"title":"Filter"}},"toolbar_mobile-1":{"type":"wish","settings":{"title":"Wishlist"}},"toolbar_mobile-2":{"type":"cart","settings":{"title":"Cart"}},"toolbar_mobile-3":{"type":"account","settings":{"title":"Account"}},"toolbar_mobile-4":{"type":"search","settings":{"title":"Search"}},"a61e97a4-8967-4623-bff9-833ce2d1e756":{"type":"compe","settings":{"title":"Compare"}}},"block_order":["toolbar_mobile-0","1581912867486","toolbar_mobile-1","toolbar_mobile-2","toolbar_mobile-3","toolbar_mobile-4","a61e97a4-8967-4623-bff9-833ce2d1e756"],"settings":{"show_txt":true}},"1581508031759":{"type":"featured_blog","disabled":true,"settings":{"title":"LATES FROM BLOG","sub_title":"The freshest and most exciting news","sub_font":"2","btn_title":"See all posts","style_title":"title_2","ic_tt":"pencil-alt","show_clpr":false,"layout_des":"1","art_des":"2","blog":"","limit":6,"use_pagination":"none","use_bar_lm":true,"btn_rd":true,"btn_icon":false,"btn_style":"default","date":"date","col_pr":"4","col_pr_tb":"4","col_pr_mb":"12","show_cnt":true,"show_au":true,"show_dt":true,"show_cm":false,"show_rm":false,"loop":false,"au_time":0,"au_hover":true,"button":true,"btn_vi":"1","btn_owl":"1","btn_color":"1","dot":false,"dot_owl":"1","dot_color":"1","use_eq_height":true,"image_ratio":"ratio4_3","image_size":"nt_cover","image_position":"8","layout":"container","cl_bg":"#ffffff","mg":",,85px,","pd":"","mg_mb":",,60px,","pd_mb":""}},"1581505806578":{"type":"slideshow","blocks":{"1585640154849":{"type":"img","settings":{"image":"shopify:\/\/shop_images\/Untitled_design_78.png","pos_img":"right center","cl_img":"rgba(0,0,0,0)","link_img1":"shopify:\/\/collections\/all","open_link":"_blank","caption_w":"1","cap_v_pos":38,"cap_h_pos":0,"txt_align":"tl_md","cap_v_pos_mb":14,"cap_h_pos_mb":0,"txt_align_mb":"tl","cl_overlay":"rgba(0,0,0,0)","cl_opacity":20,"ani_img":"zoom","ani_txt":"left_right","bg_content_bl":false,"bg_content_cl":"#ffffff","bg_content_op":50,"content_pd":"40px 80px","content_pd_mb":"10px 20px","border_bl":false,"br_color":"#222222","br_style":"solid","br_pd":20,"br_pd_mb":0}},"1585640443284":{"type":"subhd","settings":{"font":"f__libre","title":"New Arrivals","color":"#000000","fw_text":500,"fs_text":18,"lh_text":0,"ls_text":0,"fs_mb_text":10,"lh_mb_text":0,"ls_mb_text":0,"hide":false}},"1585640460694":{"type":"space","settings":{"sp":20,"sp_mb":10}},"1585640447349":{"type":"hd","settings":{"title":"HIGH QUALITY<br>DENTAL SUPPLIES","color":"#2d3153","fw_text":600,"fs_text":55,"lh_text":0,"ls_text":0,"fs_mb_text":14,"lh_mb_text":0,"ls_mb_text":0}},"1585640466340":{"type":"space","settings":{"sp":20,"sp_mb":10}},"1585640453760":{"type":"btn","settings":{"title":"Shop Now","btn_link":"shopify:\/\/collections\/all","title2":"","btn_link2":"","btn_icon":false,"cl_txt":"#ffffff","cl_bg":"#32355d","cl_bd":"rgba(0,0,0,0)","fs_text":15,"fw_text":600,"h":40,"ls_text":0,"bdr":21,"pd":15,"fs_mb_text":10,"h_mb":40,"ls_mb_text":0,"bdr_mb":48,"pd_mb":0}},"1585640159361":{"type":"img","settings":{"image":"shopify:\/\/shop_images\/Untitled_design_80.png","pos_img":"right center","cl_img":"","link_img1":"shopify:\/\/products\/laikou-dentist-teeth-whitening-44-peroxide-dental-bleaching-system-oral-gel-kit-tooth-whitener-dental-tools","open_link":"_blank","caption_w":"1","cap_v_pos":30,"cap_h_pos":2,"txt_align":"tl_md","cap_v_pos_mb":18,"cap_h_pos_mb":0,"txt_align_mb":"tr","cl_overlay":"#000000","cl_opacity":10,"ani_img":"zoom","ani_txt":"right_left","bg_content_bl":false,"bg_content_cl":"#ffffff","bg_content_op":50,"content_pd":"40px 80px","content_pd_mb":"10px 20px","border_bl":false,"br_color":"#222222","br_style":"solid","br_pd":20,"br_pd_mb":10}},"1585640474337":{"type":"subhd","settings":{"font":"f__libre","title":"Teeth Needs Care","color":"#000000","fw_text":500,"fs_text":18,"lh_text":0,"ls_text":0,"fs_mb_text":10,"lh_mb_text":0,"ls_mb_text":0,"hide":false}},"1585640490350":{"type":"space","settings":{"sp":20,"sp_mb":10}},"1585640480446":{"type":"hd","settings":{"title":"GET SHINNY<br>SMOOTH TEETH","color":"#32355d","fw_text":600,"fs_text":55,"lh_text":0,"ls_text":0,"fs_mb_text":14.5,"lh_mb_text":0,"ls_mb_text":0}},"1585640492985":{"type":"space","settings":{"sp":33,"sp_mb":10.5}},"1585640485544":{"type":"btn","settings":{"title":"Shop Now","btn_link":"shopify:\/\/collections\/dental-care","title2":"","btn_link2":"","btn_icon":false,"cl_txt":"#ffffff","cl_bg":"#32355d","cl_bd":"rgba(0,0,0,0)","fs_text":14,"fw_text":600,"h":40,"ls_text":0,"bdr":22,"pd":15,"fs_mb_text":11.5,"h_mb":40,"ls_mb_text":0,"bdr_mb":21,"pd_mb":2}}},"block_order":["1585640154849","1585640443284","1585640460694","1585640447349","1585640466340","1585640453760","1585640159361","1585640474337","1585640490350","1585640480446","1585640492985","1585640485544"],"settings":{"se_height":"adapt","use_custom_h":"1","h_des":"600px","h_tb":"500px","h_mb":"250px","effect":"1","loop":true,"autoplay":true,"au_time":8,"au_hover":true,"button":false,"btn_vi":"2","btn_owl":"1","btn_color":"2","dot":false,"dot_owl":"2","dot_color":"1","layout":"nt_full","cl_bg":"rgba(0,0,0,0)","mg":"","pd":"","mg_mb":"","pd_mb":""}},"header_banner":{"type":"header_banner","settings":{"link":"","text":"","countdown":"","dayx":0,"effect":"1","au_time":1,"height":41,"fontsize":12,"cl":"#ffffff","bg":"#32355d","bg_op":100,"show_close":true,"show_icon":true,"txt_btn":"close","cl_btn":"#ffffff","ver":1,"date":0}},"cat_shop":{"type":"cat_shop","blocks":{"1585708473928":{"type":"cat","settings":{"collection":"","icon":""}},"1585708487707":{"type":"cat","settings":{"collection":"","icon":""}},"1585708576212":{"type":"cat","settings":{"collection":"","icon":""}},"1585708497192":{"type":"cat","settings":{"collection":"","icon":""}},"1585708590448":{"type":"cat","settings":{"collection":"","icon":""}},"1585708599819":{"type":"cat","settings":{"collection":"","icon":""}},"1585708606287":{"type":"cat","settings":{"collection":"","icon":""}},"1585708650045":{"type":"cat","settings":{"collection":"","icon":""}},"1585708658170":{"type":"cat","settings":{"collection":"","icon":""}},"1585708665193":{"type":"cat","settings":{"collection":"","icon":""}},"1585708676694":{"type":"cat","settings":{"collection":"","icon":""}}},"block_order":["1585708473928","1585708487707","1585708576212","1585708497192","1585708590448","1585708599819","1585708606287","1585708650045","1585708658170","1585708665193","1585708676694"],"settings":{"shown":true,"source":"2","sort":"alphabetical"}},"cat_heading":{"type":"cat_heading","blocks":{"cat_heading-0":{"type":"1","settings":{}},"cat_heading-1":{"type":"2","settings":{}}},"block_order":["cat_heading-0","cat_heading-1"],"settings":{"shown":true,"use_specify_image":true,"parallax":false,"color":"#ff6f96","overlay":41,"padding":50,"bg_pos":"center center","bg_repeat":"no-repeat","bg_size":"cover","bg_att":"scroll"}},"nt_filter":{"type":"nt_filter","blocks":{"1581909372373":{"type":"color","settings":{"hidden_block":false,"title":"By Color","arra_enter":"Red,White,Brown,Blue, Black, Green, Grey, Sliver,Pink","use_auto_filter_tag":true,"key":"Color"}},"1581914074326":{"type":"other","settings":{"hidden_block":false,"title":"By Price","arra_enter":"1499,999,2799,1399","use_auto_filter_tag":true,"key":"Price","style":"df"}}},"block_order":["1581909372373","1581914074326"],"settings":{}},"collection_page":{"type":"collection_page","settings":{"limit":50,"space":30,"use_pagination":"default","use_bar_lm":true,"col_pr":"3","col_pr_tb":"3","col_pr_mb":"6","pr_des":"1","show_vendor":false,"use_cdt":true,"round_cd":false,"cdt_des":"1","use_eq_height":false,"image_ratio":"ratio_nt","image_size":"nt_cover","image_position":"8"}},"article-heading":{"type":"article-heading","blocks":{"article-heading-0":{"type":"1","settings":{}},"article-heading-1":{"type":"2","settings":{}},"article-heading-2":{"type":"3","settings":{}}},"block_order":["article-heading-0","article-heading-1","article-heading-2"],"settings":{"shown":true,"image":"","use_specify_image":true,"parallax":true,"color":"#000","overlay":54,"padding":50,"bg_pos":"center center","bg_repeat":"no-repeat","bg_size":"cover","bg_att":"scroll"}},"article-template":{"type":"article-template","blocks":{"article-template-0":{"type":"content","settings":{}},"article-template-1":{"type":"tags","settings":{}},"article-template-2":{"type":"social","settings":{"follow":false,"tooltip":true,"des":"2"}},"article-template-3":{"type":"nav","settings":{}},"article-template-4":{"type":"related","settings":{"title":"Related Articles","t_center":true,"limit":5,"date":"date","col_pr":"4","col_pr_tb":"4","col_pr_mb":"12","loop":false,"au_time":0,"au_hover":true,"button":true,"btn_vi":"2","btn_owl":"1","btn_color":"0","dot":true,"dot_owl":"1","dot_color":"1","use_eq_height":true,"image_ratio":"ratio4_3","image_size":"nt_cover","image_position":"8"}},"article-template-5":{"type":"comments","settings":{}}},"block_order":["article-template-0","article-template-1","article-template-2","article-template-3","article-template-4","article-template-5"],"settings":{}},"pr_summary":{"type":"pr_summary","blocks":{"pr_summary-0":{"type":"title","settings":{"size":16}},"4472adea-a463-4c49-9022-9ca12d47df6e":{"type":"sold","settings":{"icon":"2","icon_name":"fire","fade":true,"mins":5,"maxs":25,"mint":3,"maxt":24,"text":"[sold] sold in last [hour] hours"}},"pr_summary-1":{"type":"pricereview","settings":{"price":"0","rating":true}},"pr_summary-2":{"type":"des","settings":{"des":"2","page":"","length":31,"readm":false,"readm_txt":"Read more"}},"pr_summary-3":{"type":"frm","settings":{"ani":"shake","time":6,"btn_des":"1","btn_txt":"3","swatch_design":"1","style_color":"1","swatch_style":"1","swatch_size":"large","show_qty":true,"btn_atc_full":false,"enable_payment_btn":false}},"cd7720b8-6f7d-4468-a34a-86c5864f12f3":{"type":"stock","settings":{"icon":"2","icon_name":"hourglass-half","fade":true,"st":"3","qty":10,"total_items":100,"stock_from":12,"stock_to":20,"al":"tc","mess":"HURRY! ONLY [stock_number] LEFT IN STOCK.","size":16,"reduce":true,"progress":true,"wbar":100,"stock_bg_process":"#32355d","bgten":"#00badb","stock_bg":"#ffe8e8"}},"1585709158220":{"type":"img","settings":{"mess":"","size":16,"source":"1","image":"shopify:\/\/shop_images\/Screenshot_2021-06-30_at_02.39.32.png","al":"tl","wimg":85,"svg":"amazon_payments,american_express,apple_pay,bitcoin,dankort","height":50}},"pr_summary-4":{"type":"size","settings":{"size_chart":"2","sc_type":"1","page":"","size_ck":"","delivery":true,"page_dr":"","ask":false}},"pr_summary-5":{"type":"meta","settings":{"show_pr_vendor":false,"show_sku":false,"show_available":false,"show_category_product":false,"show_tag_product":false}},"14122178-1fca-47ec-b700-8d57812e769a":{"type":"time","settings":{"icon":"2","icon_name":"eye","fade":true,"min":1,"max":100,"time":2,"text":"[count] <span class=\"cd fwm\">People<\/span> are viewing this right now"}},"f60353b6-fae3-4502-beba-7b81fb4022bc":{"type":"order","settings":{"icon":"2","icon_name":"truck","fade":true,"txt":"Order in the next [hour] to get it between [date_start] and [date_end]","ds":10,"de":15,"mode":"1","cut":"SAT,SUN","frm":"1","time":"16:00:00","hr":"hours","min":"minutes"}}},"block_order":["pr_summary-0","4472adea-a463-4c49-9022-9ca12d47df6e","pr_summary-1","pr_summary-2","pr_summary-3","cd7720b8-6f7d-4468-a34a-86c5864f12f3","1585709158220","pr_summary-4","pr_summary-5","14122178-1fca-47ec-b700-8d57812e769a","f60353b6-fae3-4502-beba-7b81fb4022bc"],"settings":{}},"pr_description":{"type":"pr_description","blocks":{"pr_description-0":{"type":"des","settings":{"title":"Description"}},"1585724379549":{"type":"html","settings":{"title":"Order Tracking","page":"order-tracking-form"}},"pr_description-2":{"type":"rivui","settings":{"title":"Reviews"}},"83769980-daf1-41e9-b744-a11d0f3b4a60":{"type":"buy","settings":{"title":"Frequently Bought Together"}}},"block_order":["pr_description-0","1585724379549","pr_description-2","83769980-daf1-41e9-b744-a11d0f3b4a60"],"settings":{"show":true,"bgcl":"#f6f6f8","bgclmb":"#ffffff","des_w":"1","des_mb":"2","auto":false,"mg":"30px,,30px,","mg_mb":"0,,0,"}},"product-recommendations":{"type":"product-recommendations","settings":{"show":true,"title":"You may also like","sub_title":"","sub_font":"2","style_title":"title_1","ic_tt":"gem","show_clpr":false,"display_type":"3","limit":6,"space":30,"col_pr":"3","col_pr_tb":"3","col_pr_mb":"6","pr_des":"1","show_vendor":false,"use_cdt":false,"round_cd":false,"cdt_des":"1","loop":true,"au_time":0,"au_hover":true,"button":false,"btn_vi":"1","btn_owl":"1","btn_color":"0","dot":false,"dot_owl":"1","dot_color":"1","use_eq_height":false,"image_ratio":"ratio_nt","image_size":"nt_cover","image_position":"8"}},"recently_viewed":{"type":"recently_viewed","settings":{"show":false,"unavailable_prs":"show","title":"Recently viewed products","sub_title":"","sub_font":"2","style_title":"title_1","ic_tt":"gem","show_clpr":false,"limit":6,"sortby":"3","space":30,"col_pr":"3","col_pr_tb":"3","col_pr_mb":"6","pr_des":"1","show_vendor":false,"use_cdt":false,"round_cd":false,"cdt_des":"1","loop":true,"au_time":0,"au_hover":true,"button":false,"btn_vi":"1","btn_owl":"1","btn_color":"0","dot":false,"dot_owl":"1","dot_color":"1","use_eq_height":false,"image_ratio":"ratio_nt","image_size":"nt_cover","image_position":"8"}},"list_cat_heading":{"type":"list_cat_heading","settings":{"shown":true,"image":"","parallax":false,"color":"#000","overlay":54,"padding":50,"bg_pos":"center center","bg_repeat":"no-repeat","bg_size":"cover","bg_att":"scroll"}},"list-collections-template":{"type":"list-collections-template","settings":{"layout":"default","hoverz":true,"cat_design":"1","cat_space":"30","display_type":"all","sort":"alphabetical","col":"4","col_md":"3","col_mb":"6","pr_txt":"products","use_eq_height":true,"image_ratio":"ratio1_1"}},"cart_heading":{"type":"cart_heading","blocks":{"cart_heading-0":{"type":"1","settings":{"title":"Shopping cart"}}},"block_order":["cart_heading-0"],"settings":{"image":"shopify:\/\/shop_images\/Gallery-1_570x400_crop_center_c9966ee1-b4c4-4f59-8530-60f069da14e8.png","parallax":false,"color":"#000000","overlay":50,"padding":50,"bg_pos":"center center","bg_repeat":"no-repeat","bg_size":"cover","bg_att":"scroll"}},"cart-template":{"type":"cart-template","blocks":{"cart-template-0":{"type":"price","settings":{}},"cart-template-1":{"type":"tax","disabled":true,"settings":{}},"cart-template-2":{"type":"agree","disabled":true,"settings":{}},"cart-template-3":{"type":"btnck","settings":{}},"cart-template-4":{"type":"btnmr","settings":{}},"cart-template-6":{"type":"btn","settings":{"title":"Return To Shop","url":"","style":"primary tu"}}},"block_order":["cart-template-0","cart-template-1","cart-template-2","cart-template-3","cart-template-4","cart-template-6"],"settings":{"ajax_enable":true,"calc_ship":true,"show_note":true,"show_rates":true,"show_discount":true,"show_gift_wrap":true}},"cart_upsell":{"type":"cart_upsell","settings":{"show_section":true,"title":"Complete your cart","sub_title":"","style_title":"title_1","ic_tt":"gem","show_clpr":false,"collection":"dental-care","limit":6,"space_cat":"30","col_pr":"3","col_pr_tb":"3","col_pr_mb":"6","pr_des":"1","show_vendor":false,"sale_countdown":false,"collection_countdown_style":"dark","use_eq_height":false,"image_ratio":"ratio_nt","image_size":"nt_cover","image_position":"8"}},"blog-heading":{"type":"blog-heading","blocks":{"blog-heading-0":{"type":"1","settings":{}},"blog-heading-1":{"type":"2","settings":{}}},"block_order":["blog-heading-0","blog-heading-1"],"settings":{"shown":true,"image":"","parallax":false,"color":"#000","overlay":54,"padding":50,"bg_pos":"center center","bg_repeat":"no-repeat","bg_size":"cover","bg_att":"scroll"}},"blog-template":{"type":"blog-template","settings":{"shop_des":"default","art_des":"1","limit":5,"space":40,"use_pagination":"default","use_bar_lm":true,"btn_rd":true,"btn_style":"default","date":"date","col_pr":"6","col_pr_tb":"6","col_pr_mb":"12","show_au":true,"show_dt":true,"show_cm":false,"show_tg":true,"cl":"#fff","cl2":"#878787","bg":"#000","overlay":90,"des_cnt":"1","use_eq_height":true,"image_ratio":"ratio4_3","image_size":"nt_cover","image_position":"8","source":"0","count":true}},"blog-slider":{"type":"blog-slider","settings":{"blog":"","limit":6,"date":"date","col_pr":"4","col_pr_tb":"4","col_pr_mb":"12","show_au":true,"show_dt":true,"loop":false,"au_time":0,"au_hover":true,"button":true,"btn_vi":"1","btn_owl":"1","btn_color":"0","dot":false,"dot_owl":"1","dot_color":"1","cl":"#ffffff","cl2":"#878787","bg":"#000000","overlay":80,"use_eq_height":true,"image_ratio":"ratio4_3","image_size":"nt_cover","image_position":"8","layout":"nt_full"}},"bptf-heading":{"type":"bptf-heading","blocks":{"bptf-heading-0":{"type":"1","settings":{}},"bptf-heading-1":{"type":"2","settings":{}}},"block_order":["bptf-heading-0","bptf-heading-1"],"settings":{"shown":true,"image":"","parallax":false,"color":"#000","overlay":54,"padding":50,"bg_pos":"center center","bg_repeat":"no-repeat","bg_size":"cover","bg_att":"scroll"}},"bptf-template":{"type":"bptf-template","settings":{"ptf_layout":"default","shop_des":"masonry","limit":5,"space":30,"use_pagination":"default","use_bar_lm":true,"btn_rd":true,"btn_style":"default","col_pr":"6","col_pr_tb":"6","col_pr_mb":"12","use_eq_height":false,"image_ratio":"ratio_nt","image_size":"nt_cover","image_position":"8","source":"1","count":true}},"aptf-heading":{"type":"aptf-heading","blocks":{"aptf-heading-0":{"type":"1","settings":{}},"aptf-heading-1":{"type":"2","settings":{}}},"block_order":["aptf-heading-0","aptf-heading-1"],"settings":{"shown":true,"image":"","use_specify_image":true,"parallax":false,"color":"#000","overlay":54,"padding":50,"bg_pos":"center center","bg_repeat":"no-repeat","bg_size":"cover","bg_att":"scroll"}},"aptf-template":{"type":"aptf-template","blocks":{"aptf-template-0":{"type":"content","settings":{}},"aptf-template-1":{"type":"infos","settings":{"cat":true,"author":true,"tags":true}},"aptf-template-2":{"type":"social","settings":{"follow":false,"tooltip":true,"des":"2"}},"aptf-template-3":{"type":"nav","settings":{}},"aptf-template-4":{"type":"related","settings":{"title":"Related Portfolio","t_center":true,"limit":5,"date":"date","col_pr":"4","col_pr_tb":"4","col_pr_mb":"12","loop":false,"au_time":0,"au_hover":true,"button":true,"btn_vi":"2","btn_owl":"1","btn_color":"0","dot":true,"dot_owl":"1","dot_color":"1","use_eq_height":false,"image_ratio":"ratio_nt","image_size":"nt_cover","image_position":"8"}}},"block_order":["aptf-template-0","aptf-template-1","aptf-template-2","aptf-template-3","aptf-template-4"],"settings":{"ptf_layout":"default"}},"pages_heading":{"type":"pages_heading","blocks":{"pages_heading-0":{"type":"1","settings":{}}},"block_order":["pages_heading-0"],"settings":{"parallax":false,"color":"#ff6f96","overlay":41,"padding":50,"bg_pos":"center center","bg_repeat":"no-repeat","bg_size":"cover","bg_att":"scroll"}},"sticky_atc":{"type":"sticky_atc","settings":{"mb":true,"ani":"none","time":6}},"sales_popup":{"type":"sales_popup","settings":{"collection_id":"frontpage","limit":20,"index":true,"product":true,"collection":true,"article":false,"blog":false,"cart":false,"page":false,"pp_type":"2","start_time":5,"start_time_unit":"1000","stay_time":10,"stay_time_unit":"1000","show_cl":true,"show_qv":true,"list_user":"Nathan (California) | Alex (Texas) | Henry (New York) | Kiti (Ohio) | Daniel (Washington) | Hau (California) | Van (Ohio) | Sara (Montana)  | Kate (Georgia) | Amit (Mumbai) | Jaya (Delhi) | Megha (Gurgaon)","show_time":true,"list_time":"4 hours ago | 2 hours ago | 45 minutes ago | 1 day ago | 8 hours ago | 10 hours ago | 25 minutes ago | 2 day ago | 5 hours ago | 40 minutes ago | 10 minutes ago | 15 minutes ago | 30 minutes ago","show_verify":true,"des":"1","pp_ani":"anislideInUp","txt1":"purchased","txt2":"Verified"}},"promo_pr_pp":{"type":"promo_pr_pp","settings":{"title":"Wait! Can't find what you're looking for?","sub_title":"Maybe this will help...","sub_font":"2","btn_title":"See all products","style_title":"title_2","ic_tt":"gem","show_clpr":false,"collection_id":"dental-care","limit":8,"col_pr":"4","pr_des":"1","show_vendor":false,"use_cdt":false,"round_cd":false,"cdt_des":"1","loop":true,"au_time":0,"au_hover":true,"button":false,"btn_vi":"1","btn_owl":"1","btn_color":"0","dot":false,"dot_owl":"1","dot_color":"1","use_eq_height":false,"image_ratio":"ratio_nt","image_size":"nt_cover","image_position":"8","index":true,"product":true,"collection":true,"article":false,"blog":false,"cart":false,"page":false,"day_next":1}},"re_upsell":{"type":"re_upsell","settings":{"title":"You may also like","sub_title":"","sub_font":"2","style_title":"title_2","ic_tt":"gem","show_clpr":false,"display_type":"3","limit":6,"space":30,"col_pr":"3","col_pr_tb":"3","col_pr_mb":"6","pr_des":"1","show_vendor":false,"use_cdt":false,"round_cd":false,"cdt_des":"1","use_eq_height":false,"image_ratio":"ratio_nt","image_size":"nt_cover","image_position":"8"}},"page_meta_ntt4":{"type":"page_meta_ntt4","settings":{}},"img_meta_ntt4":{"type":"img_meta_ntt4","settings":{}},"sea_heading":{"type":"sea_heading","blocks":{"sea_heading-0":{"type":"1","settings":{}}},"block_order":["sea_heading-0"],"settings":{"parallax":false,"color":"#000000","overlay":54,"padding":50,"bg_pos":"center center","bg_repeat":"no-repeat","bg_size":"cover","bg_att":"scroll"}},"search_page":{"type":"search_page","settings":{"shop_layout":"default","shop_des":"default","show_col_switch":true,"limit":12,"space":30,"use_pagination":"default","use_bar_lm":true,"btn_rd":true,"btn_style":"default","col_pr":"3","col_pr_tb":"3","col_pr_mb":"6","pr_des":"1","show_vendor":false,"use_cdt":false,"round_cd":false,"cdt_des":"1","use_eq_height":false,"image_ratio":"ratio_nt","image_size":"nt_cover","image_position":"8"}},"cp_heading":{"type":"cp_heading","blocks":{"cp_heading-0":{"type":"2","settings":{"text":"<p>View your compare list<\/p>"}}},"block_order":["cp_heading-0"],"settings":{"parallax":false,"color":"#000000","overlay":54,"padding":50,"bg_pos":"center center","bg_repeat":"no-repeat","bg_size":"cover","bg_att":"scroll"}},"compare_page":{"type":"compare_page","blocks":{"compare_page-0":{"type":"basic","settings":{}},"compare_page-1":{"type":"availability","settings":{"title":"Availability"}},"compare_page-2":{"type":"vendor","settings":{"title":"Vendor"}},"compare_page-3":{"type":"variants","settings":{"title":"Color"}},"b86e1029-5b26-47df-b97b-869ff9f19d60":{"type":"variants","settings":{"title":"size"}},"compare_page-4":{"type":"btn","settings":{"title":"Return To Shop","style":"primary tu"}}},"block_order":["compare_page-0","compare_page-1","compare_page-2","compare_page-3","b86e1029-5b26-47df-b97b-869ff9f19d60","compare_page-4"],"settings":{}},"nt_filter2":{"type":"nt_filter2","blocks":{"nt_filter2-0":{"type":"title","settings":{"hidden_block":false,"title":"By Title"}},"nt_filter2-1":{"type":"price","settings":{"hidden_block":false,"title":"By Price"}},"nt_filter2-2":{"type":"variants","settings":{"hidden_block":false,"count":true,"title":"By Size","key":"Size","style":"ck"}},"nt_filter2-3":{"type":"color","settings":{"hidden_block":false,"count":true,"title":"By Color","key":"Color"}},"nt_filter2-4":{"type":"vendor","settings":{"hidden_block":false,"count":true,"title":"By Vendor","style":"ck"}},"nt_filter2-5":{"type":"available","settings":{"hidden_block":false,"count":true,"title":"Product status"}}},"block_order":["nt_filter2-0","nt_filter2-1","nt_filter2-2","nt_filter2-3","nt_filter2-4","nt_filter2-5"],"settings":{}},"wis_heading":{"type":"wis_heading","blocks":{"wis_heading-0":{"type":"2","settings":{"text":"<p>View your wishlist products<\/p>"}}},"block_order":["wis_heading-0"],"settings":{"parallax":false,"color":"#000","overlay":54,"padding":50,"bg_pos":"center center","bg_repeat":"no-repeat","bg_size":"cover","bg_att":"scroll"}},"wishlist_page":{"type":"wishlist_page","blocks":{"wishlist_page-0":{"type":"btn","settings":{"title":"Return To Shop","style":"primary tu"}}},"block_order":["wishlist_page-0"],"settings":{"shop_layout":"default","show_col_switch":true,"limit":12,"space":30,"use_pagination":"default","use_bar_lm":true,"btn_rd":true,"btn_style":"default","col_pr":"3","col_pr_tb":"3","col_pr_mb":"6","pr_des":"1","show_vendor":false,"use_cdt":false,"round_cd":false,"cdt_des":"1","use_eq_height":false,"image_ratio":"ratio_nt","image_size":"nt_cover","image_position":"8"}},"sidebar_shop2":{"type":"sidebar_shop2","blocks":{"sidebar_shop2-0":{"type":"title","settings":{"hidden_block":false,"title":"By Title"}},"sidebar_shop2-1":{"type":"price","settings":{"hidden_block":false,"title":"By Price"}},"sidebar_shop2-2":{"type":"variants","settings":{"hidden_block":false,"count":true,"title":"By Size","key":"Size","style":"ck"}},"sidebar_shop2-3":{"type":"color","settings":{"hidden_block":false,"count":true,"title":"By Color","key":"Color"}},"sidebar_shop2-4":{"type":"vendor","settings":{"hidden_block":false,"count":true,"title":"By Vendor","style":"ck"}},"sidebar_shop2-5":{"type":"available","settings":{"hidden_block":false,"count":true,"title":"Product status"}}},"block_order":["sidebar_shop2-0","sidebar_shop2-1","sidebar_shop2-2","sidebar_shop2-3","sidebar_shop2-4","sidebar_shop2-5"],"settings":{}},"sidebar_shop":{"type":"sidebar_shop","settings":{}},"contact_heading":{"type":"contact_heading","blocks":{"contact_heading-0":{"type":"1","settings":{}}},"block_order":["contact_heading-0"],"settings":{"image":"shopify:\/\/shop_images\/Gallery-1_570x400_crop_center_c9966ee1-b4c4-4f59-8530-60f069da14e8.png","parallax":false,"color":"#ff6f96","overlay":39,"padding":50,"bg_pos":"center center","bg_repeat":"no-repeat","bg_size":"cover","bg_att":"scroll"}},"us_heading":{"type":"us_heading","blocks":{"us_heading-0":{"type":"1","settings":{"title":"ABOUT US"}},"us_heading-1":{"type":"2","settings":{"text":"<p>Follow your passion, and sucess will follow you<\/p>"}}},"block_order":["us_heading-0","us_heading-1"],"settings":{"parallax":false,"color":"#000000","overlay":54,"padding":50,"bg_pos":"center center","bg_repeat":"no-repeat","bg_size":"cover","bg_att":"scroll"}},"page_about_us":{"type":"page_about_us","blocks":{"page_about_us-0":{"type":"1","settings":{"title":"OUR MISSION","content":"Sed ut perspiciatis unde omnis iste natus error sit voluptatem accusantium doloremque laudantium, <em>totam rem aperiam, eaque ipsa quae ab illo inventore veritatis et quasi architecto beatae<\/em> vitae dicta sunt explicabo nemo enim ipsam.","al":"txtn","cl":"6","cl_mb":"12"}},"page_about_us-1":{"type":"1","settings":{"title":"OUR MISSION","content":"Sed ut perspiciatis unde omnis iste natus error sit voluptatem accusantium doloremque laudantium, <em>totam rem aperiam, eaque ipsa quae ab illo inventore veritatis et quasi architecto beatae<\/em> vitae dicta sunt explicabo nemo enim ipsam.","al":"txtn","cl":"6","cl_mb":"12"}},"page_about_us-2":{"type":"1","settings":{"title":"OUR MISSION","content":"Sed ut perspiciatis unde omnis iste natus error sit voluptatem accusantium doloremque laudantium, <em>totam rem aperiam, eaque ipsa quae ab illo inventore veritatis et quasi architecto beatae<\/em> vitae dicta sunt explicabo nemo enim ipsam.","al":"txtn","cl":"6","cl_mb":"12"}},"page_about_us-3":{"type":"1","settings":{"title":"OUR MISSION","content":"Sed ut perspiciatis unde omnis iste natus error sit voluptatem accusantium doloremque laudantium, <em>totam rem aperiam, eaque ipsa quae ab illo inventore veritatis et quasi architecto beatae<\/em> vitae dicta sunt explicabo nemo enim ipsam.","al":"txtn","cl":"6","cl_mb":"12"}},"page_about_us-4":{"type":"2","settings":{"title":"I am text block. Click edit button to change this text. Lorem ipsum dolor sit amet, consectetur adipiscing elit. Ut elit tellus, luctus nec ullamcorper mattis, pulvinar dapibus leo. Quis autem vel eum iure reprehenderit qui in ea voluptate velit esse quam nihil molestiae consequatur, vel illum qui dolorem eum fugiat quo voluptas nulla pariatur? Quis nostrum exercitationem ullam."}},"page_about_us-5":{"type":"3","settings":{"title":"Add a name","position":"Developer","facebook":"","twitter":"","instagram":"","dribbble":"","behance":""}},"page_about_us-6":{"type":"3","settings":{"title":"Add a name","position":"Developer","facebook":"","twitter":"","instagram":"","dribbble":"","behance":""}},"page_about_us-7":{"type":"3","settings":{"title":"Add a name","position":"Developer","facebook":"","twitter":"","instagram":"","dribbble":"","behance":""}},"695de368-ea1a-4c56-b760-5e39b1e3ac67":{"type":"8","settings":{}}},"block_order":["page_about_us-0","page_about_us-1","page_about_us-2","page_about_us-3","page_about_us-4","page_about_us-5","page_about_us-6","page_about_us-7","695de368-ea1a-4c56-b760-5e39b1e3ac67"],"settings":{}},"header_9":{"type":"header_9","blocks":{"header_9-0":{"type":"simple","settings":{"title":"Heading 1","url":"#","open_link":"_self","icon":"","cus_cl":false,"cl":"#ec0101","lb":"","lb_cl":""}},"header_9-1":{"type":"simple","settings":{"title":"Heading 2","url":"#","open_link":"_self","icon":"","cus_cl":false,"cl":"#ec0101","lb":"","lb_cl":""}}},"block_order":["header_9-0","header_9-1"],"settings":{"height":92,"arrow":false,"align":"tl","hover":"hover_side_up"}},"header_6":{"type":"header_6","settings":{"height":62,"source":"2","txt":"Welcome to our store!","social":"2"}},"header_10":{"type":"header_10","settings":{"height":80}},"header_5":{"type":"header_5","blocks":{"header_5-0":{"type":"simple","settings":{"title":"Heading 1","url":"#","open_link":"_self","icon":"","cus_cl":false,"cl":"#ec0101","lb":"","lb_cl":""}},"header_5-1":{"type":"simple","settings":{"title":"Heading 2","url":"#","open_link":"_self","icon":"","cus_cl":false,"cl":"#ec0101","lb":"","lb_cl":""}}},"block_order":["header_5-0","header_5-1"],"settings":{"height":62,"arrow":false,"align":"tl","hover":"hover_side_up"}},"header_4":{"type":"header_4","blocks":{"header_4-0":{"type":"simple","settings":{"title":"Heading 1","url":"#","open_link":"_self","icon":"","cus_cl":false,"cl":"#ec0101","lb":"","lb_cl":""}},"header_4-1":{"type":"simple","settings":{"title":"Heading 2","url":"#","open_link":"_self","icon":"","cus_cl":false,"cl":"#ec0101","lb":"","lb_cl":""}}},"block_order":["header_4-0","header_4-1"],"settings":{"height":62,"height_2":63,"arrow":false,"border":true,"color":"#ececec","source":"1","txt":"Welcome to our store!","social":"2","align":"tc","hover":"hover_side_up"}},"header_7":{"type":"header_7","blocks":{"header_7-0":{"type":"menu","settings":{"title":"Heading 1","url":"#","open_link":"_self","menu":"","icon":"","cus_cl":false,"cl":"#ec0101","lb":"","lb_cl":""}},"header_7-1":{"type":"menu","settings":{"title":"Heading 2","url":"#","open_link":"_self","menu":"","icon":"","cus_cl":false,"cl":"#ec0101","lb":"","lb_cl":""}}},"block_order":["header_7-0","header_7-1"],"settings":{"show_currencies":true,"source":"2","txt":"Welcome to our store!","social":"2"}},"header_8":{"type":"header_8","blocks":{"2f1c8511-56d1-4cfb-96bb-a24bdd9af331":{"type":"simple","settings":{"title":"Shop","url":"shopify:\/\/collections\/all","open_link":"_self","icon":"","cus_cl":false,"cl":"#ec0101","lb":"","lb_cl":""}},"dd16b11d-a528-439d-b622-3bd5e178cd51":{"type":"simple","settings":{"title":"Contact","url":"shopify:\/\/pages\/contact-us","open_link":"_self","icon":"","cus_cl":false,"cl":"#ec0101","lb":"","lb_cl":""}},"fe8f8ec4-bf21-48c8-9746-664b2479a90e":{"type":"simple","settings":{"title":"About","url":"shopify:\/\/pages\/about","open_link":"_self","icon":"","cus_cl":false,"cl":"#ec0101","lb":"","lb_cl":""}},"49cfc5f3-2616-42f5-b3bf-36b33e80502a":{"type":"simple","settings":{"title":"Community","url":"https:\/\/www.facebook.com\/groups\/queenscommunity.pk","open_link":"_self","icon":"","cus_cl":false,"cl":"#ec0101","lb":"","lb_cl":""}},"d7b22772-8d63-46e3-bba2-4336a17e51ae":{"type":"simple","settings":{"title":"Consult a Doctor","url":"https:\/\/zachabacha.com\/","open_link":"_self","icon":"","cus_cl":false,"cl":"#ec0101","lb":"","lb_cl":""}}},"block_order":["2f1c8511-56d1-4cfb-96bb-a24bdd9af331","dd16b11d-a528-439d-b622-3bd5e178cd51","fe8f8ec4-bf21-48c8-9746-664b2479a90e","49cfc5f3-2616-42f5-b3bf-36b33e80502a","d7b22772-8d63-46e3-bba2-4336a17e51ae"],"settings":{"height":90,"height_2":50,"arrow":false,"border":true,"color":"#dddddd","align":"tl","hover":"hover_side_up","bg":"#32355d","cl_txt":"#ffffff","text":"","shop_cat":true,"txt_cat":"SHOP BY CATEGORY","bgcat":"#ff6f96","clcat":"#ffffff"}},"hcat_nav":{"type":"hcat_nav","blocks":{"hcat_nav-0":{"type":"simple","settings":{"title":"<b>Mamas<\/b>","url":"shopify:\/\/collections\/mamas","icons_op":"2","icon":"","cus_cl":false,"cl":"#ec0101","lb":"","lb_cl":""}},"hcat_nav-1":{"type":"simple","settings":{"title":"<b>Babies<\/b>","url":"shopify:\/\/collections\/babies","icons_op":"2","icon":"","cus_cl":false,"cl":"#ec0101","lb":"","lb_cl":""}},"0ab3f887-dcfd-4462-82a5-8a749935a46e":{"type":"simple","settings":{"title":"<b>Recommended<\/b>","url":"shopify:\/\/collections\/recommended","icons_op":"2","icon":"","cus_cl":false,"cl":"#ec0101","lb":"","lb_cl":""}},"b4e40e8e-ca7a-4300-8612-161b9e3678a4":{"type":"simple","settings":{"title":"<b>Baby Essentials<\/b>","url":"shopify:\/\/collections\/baby-essentials","icons_op":"2","icon":"","cus_cl":false,"cl":"#ec0101","lb":"","lb_cl":""}}},"block_order":["hcat_nav-0","hcat_nav-1","0ab3f887-dcfd-4462-82a5-8a749935a46e","b4e40e8e-ca7a-4300-8612-161b9e3678a4"],"settings":{}},"16254820344385eea8":{"type":"featured-product","blocks":{"16254820354b39eb91-0":{"type":"title","settings":{"size":20}},"16254820354b39eb91-1":{"type":"pricereview","settings":{"price":"2","rating":true}},"4be768e7-3c18-41a8-b394-ee2f052ef3e2":{"type":"des","settings":{"des":"1","page":"","length":30}},"39984c20-f3c7-451d-a71f-8290d30eb426":{"type":"stock","settings":{"icon":"2","icon_name":"hourglass-half","fade":true,"st":"3","qty":10,"total_items":100,"stock_from":12,"stock_to":20,"al":"tc","mess":"HURRY! ONLY [stock_number] LEFT IN STOCK.","size":16,"reduce":true,"progress":true,"wbar":100,"stock_bg_process":"#00badb","bgten":"#32355d","stock_bg":"#ffe8e8"}},"16254820354b39eb91-3":{"type":"frm","settings":{"ani":"none","time":6,"btn_des":"1","btn_txt":"3","swatch_design":"2","style_color":"1","swatch_style":"1","swatch_size":"medium","show_qty":true,"btn_atc_full":false,"enable_payment_btn":false}},"16254820354b39eb91-4":{"type":"size","settings":{"size_chart":"3","sc_type":"1","page":"","size_ck":"","delivery":false,"page_dr":"","ask":false}},"16254820354b39eb91-5":{"type":"meta","settings":{"show_pr_vendor":false,"show_sku":false,"show_available":false,"show_category_product":false,"show_tag_product":false}},"170e761e-fba7-4bb7-bd83-1672ad03b45c":{"type":"sold","settings":{"icon":"2","icon_name":"fire","fade":true,"mins":5,"maxs":25,"mint":3,"maxt":24,"text":"[sold] sold in last [hour] hours"}},"a218592f-edae-48c3-b53b-81ab13e1cc45":{"type":"img","settings":{"mess":"Guaranteed Safe Checkout","size":16,"source":"1","image":"shopify:\/\/shop_images\/Screenshot_2021-06-30_at_02.39.32.png","al":"tl","wimg":82,"svg":"amazon_payments,american_express,apple_pay,bitcoin,dankort,diners_club,discover,dogecoin,dwolla,forbrugsforeningen,interac,google_pay,jcb,klarna,klarna-pay-later,litecoin,maestro,master,paypal,shopify_pay,sofort,visa","height":50}}},"block_order":["16254820354b39eb91-0","16254820354b39eb91-1","4be768e7-3c18-41a8-b394-ee2f052ef3e2","39984c20-f3c7-451d-a71f-8290d30eb426","16254820354b39eb91-3","16254820354b39eb91-4","16254820354b39eb91-5","170e761e-fba7-4bb7-bd83-1672ad03b45c","a218592f-edae-48c3-b53b-81ab13e1cc45"],"settings":{"featured_product":"efero-teeth-whitening-essence-powder-clean-oral-hygiene-whiten-teeth-remove-plaque-stains-fresh-breath-oral-hygiene-dental-tools","vt_center":false,"thumb_des":"bottom","thumb_col":"4","show_view":true,"show_wis":true,"layout":"nt_full","cl_bg":"","mg":"50px,,50px,","pd":"","mg_mb":"","pd_mb":""}},"16254825036ab51104":{"type":"banner3","blocks":{"16254825036ab51104-0":{"type":"image","settings":{"image":"shopify:\/\/shop_images\/Untitled_design_5.png","url":"shopify:\/\/collections\/dental-care","open_link":"_blank","hoverz":false,"col_pr":"6","col_pr_tb":"6","col_pr_mb":"6","cap_v_pos":50,"cap_h_pos":9,"txt_align":"tl_md","cap_v_pos_mb":50,"cap_h_pos_mb":0,"txt_align_mb":"tl","cl_overlay":"#000000","cl_opacity":0,"bg_content_bl":false,"bg_content_cl":"#ffffff","bg_content_op":50,"content_pd":"40px 80px","content_pd_mb":"10px 20px","border_bl":false,"br_color":"#222222","br_style":"solid","br_pd":20,"br_pd_mb":10}},"16254825036ab51104-6":{"type":"image","settings":{"image":"shopify:\/\/shop_images\/Untitled_design_6.png","url":"shopify:\/\/collections\/tooth-brush-and-cleaner","open_link":"_blank","hoverz":false,"col_pr":"6","col_pr_tb":"6","col_pr_mb":"6","cap_v_pos":50,"cap_h_pos":3,"txt_align":"tl_md","cap_v_pos_mb":50,"cap_h_pos_mb":2,"txt_align_mb":"tl","cl_overlay":"#000000","cl_opacity":0,"bg_content_bl":false,"bg_content_cl":"#ffffff","bg_content_op":50,"content_pd":"40px 80px","content_pd_mb":"10px 20px","border_bl":false,"br_color":"#222222","br_style":"solid","br_pd":20,"br_pd_mb":10}}},"block_order":["16254825036ab51104-0","16254825036ab51104-6"],"settings":{"title":"","sub_title":"","sub_font":"2","style_title":"title_1","ic_tt":"gem","show_clpr":false,"cat_space":"30","layout":"container","cl_bg":"","mg":"35px,,50px,","pd":"","mg_mb":"","pd_mb":""}},"16254849454d7c544c":{"type":"newsletter2","disabled":true,"settings":{"title":"SUBSCRIBE TO OUR NEWSLETTER","sub_title":"","newl_des":"1","btn_icon":false,"cl_overlay":"#000000","cl_opacity":0,"se_bg":"#32355d","color":"light","use_pr":false,"layout":"nt_full","mg":"50px,,50px,","pd":"20px,25px,20px,25px","mg_mb":"","pd_mb":""}},"1625518457202739f0":{"type":"tab_collection","blocks":{"1625518457202739f0-0":{"type":"collection","settings":{"title":"","collection":"dental-care","limit":4,"space":30,"use_pagination":"none","use_bar_lm":true,"btn_rd":true,"btn_icon":false,"btn_style":"default","col_pr":"3","col_pr_tb":"3","col_pr_mb":"6","pr_des":"2","show_vendor":false,"use_cdt":false,"round_cd":false,"cdt_des":"1","use_eq_height":false,"image_ratio":"ratio1_1","image_size":"nt_cover","image_position":"8"}},"1625518457202739f0-1":{"type":"collection","settings":{"title":"","collection":"frontpage","limit":4,"space":30,"use_pagination":"none","use_bar_lm":true,"btn_rd":true,"btn_icon":false,"btn_style":"default","col_pr":"3","col_pr_tb":"3","col_pr_mb":"6","pr_des":"1","show_vendor":false,"use_cdt":false,"round_cd":false,"cdt_des":"1","use_eq_height":false,"image_ratio":"ratio1_1","image_size":"nt_cover","image_position":"8"}}},"block_order":["1625518457202739f0-0","1625518457202739f0-1"],"settings":{"title":"SHOP BY CATEGORIES","sub_title":"","sub_font":"2","style_title":"title_9","ic_tt":"gem","show_clpr":false,"des_tab":"2","layout":"nt_full","cl_bg":"","mg":"50px,,50px,","pd":"","mg_mb":"","pd_mb":""}},"1626177433bb0d7195":{"type":"collection-list","blocks":{"1626177433bb0d7195-1":{"type":"collection","settings":{"collection":"frontpage","image":"shopify:\/\/shop_images\/Gallery-1_570x400_crop_center_c9966ee1-b4c4-4f59-8530-60f069da14e8.png","img_align":"center","title":"","url":""}},"1626177433bb0d7195-2":{"type":"collection","settings":{"collection":"dental-care","image":"shopify:\/\/shop_images\/Untitled_design_3.png","img_align":"center","title":"","url":""}},"b6b680eb-ff6e-4827-ba23-22607077e410":{"type":"collection","settings":{"collection":"tooth-brush-and-cleaner","image":"shopify:\/\/shop_images\/Untitled_design_4.png","img_align":"center","title":"Electric Instruments","url":""}}},"block_order":["1626177433bb0d7195-1","1626177433bb0d7195-2","b6b680eb-ff6e-4827-ba23-22607077e410"],"settings":{"title":"Browse our categories","sub_title":"","sub_font":"2","style_title":"title_9","ic_tt":"gem","show_clpr":false,"cat_layout":"2","hoverz":true,"cat_design":"4","cat_space":"30","image_ratio":"ratio4_3","col":"4","col_md":"4","col_mb":"6","pr_txt":"products","loop":true,"autoplay":false,"au_time":6,"au_hover":true,"button":false,"btn_vi":"1","btn_owl":"2","btn_color":"0","dot":true,"dot_owl":"1","dot_color":"1","hidden":false,"cp_code":false,"layout":"nt_full","cl_bg":"rgba(0,0,0,0)","mg":"50px,,50px,","pd":"","mg_mb":"","pd_mb":""}},"header_1":{"type":"header_1","settings":{"height":62}},"header_2":{"type":"header_2","blocks":{"header_2-0":{"type":"simple","settings":{"title":"Heading 1","url":"#","open_link":"_self","icon":"","cus_cl":false,"cl":"#ec0101","lb":"","lb_cl":""}},"header_2-1":{"type":"logo","settings":{}},"header_2-2":{"type":"simple","settings":{"title":"Heading 2","url":"#","open_link":"_self","icon":"","cus_cl":false,"cl":"#ec0101","lb":"","lb_cl":""}}},"block_order":["header_2-0","header_2-1","header_2-2"],"settings":{"height":62,"arrow":false,"source":"1","txt":"Welcome to our store!","social":"2","align":"tc","hover":"hover_side_up"}},"1626204574fc9d6d6f":{"type":"testimonials","blocks":{"1626204574fc9d6d6f-0":{"type":"quote","settings":{"image":"shopify:\/\/shop_images\/home-test-1_1920X_bd91d8a9-f9f4-4084-a215-fad1f44e2b2b.jpg","content":"<p>I am very satisfied with Electric toothbrush. I would recommend this site for useful products. <\/p>","title":"John Devid","pos":"","rating":5}},"1626204574fc9d6d6f-1":{"type":"quote","settings":{"image":"shopify:\/\/shop_images\/home-test-2_1920X_-_Copy.jpg","content":"<p>After a lot of browsing, I found this awesome site. Delivery is fast and in reasonable price. Thanks <\/p>","title":"Jasmine","pos":"","rating":5}},"1626204574fc9d6d6f-2":{"type":"quote","settings":{"image":"shopify:\/\/shop_images\/home-test-3_1920X_fb3917e4-b949-43b4-9796-954294b8c97b.jpg","content":"<p>That was awesome experience of buying from here. I love the secure order process and fast customer support. <\/p>","title":"Jain hames","pos":"","rating":5}}},"block_order":["1626204574fc9d6d6f-0","1626204574fc9d6d6f-1","1626204574fc9d6d6f-2"],"settings":{"title":"Our Happy Customers","sub_title":"","sub_font":"2","style_title":"title_9","ic_tt":"gem","show_clpr":false,"layout_des":"1","ter_des":"2","col_pr":"4","col_pr_tb":"6","loop":true,"au_time":0,"au_hover":true,"button":false,"btn_vi":"1","btn_owl":"1","btn_color":"0","dot":true,"dot_owl":"2","dot_color":"1","layout":"wrap","cl_bg":"","mg":"50px,,50px,","pd":"","mg_mb":"","pd_mb":""}},"1626204792a69f35d4":{"type":"prs_countd_deal","blocks":{"48bec91d-7cd9-4a63-9331-6a40ef3a9521":{"type":"product","settings":{"title":"","product2":"","product":"super-sonic-electric-toothbrushes-for-adults-kid-smart-timer-whitening-toothbrush-ipx7-waterproof-replaceable-aa-battery-version","total":100,"available":75}},"ecb87489-4197-472d-a895-3c990aefe4e3":{"type":"product","settings":{"title":"","product2":"","product":"oral-irrigator-usb-rechargeable-water-flosser-portable-dental-water-jet-300ml-water-tank-waterproof-teeth-cleaner","total":100,"available":75}},"74edaf8e-264c-4052-a7e5-21a19ef051bc":{"type":"product","settings":{"title":"","product2":"","product":"1pc-orthodontic-braces-appliance-dental-braces-silicone-alignment-trainer-teeth-retainer-bruxism-mouth-guard-teeth-straightener","total":100,"available":75}},"33874df2-6092-4fea-b845-94bb4e8c676a":{"type":"product","settings":{"title":"","product2":"","product":"portable-travel-case-oral-b-electric-toothbrush-handle-storage-high-quality-plastic-made-anti-dust-cover-tooth-brush-holder-box","total":100,"available":75}}},"block_order":["48bec91d-7cd9-4a63-9331-6a40ef3a9521","ecb87489-4197-472d-a895-3c990aefe4e3","74edaf8e-264c-4052-a7e5-21a19ef051bc","33874df2-6092-4fea-b845-94bb4e8c676a"],"settings":{"title":"Daily Deal Of The Day","cl_border":"#4e97fd","bg_cdt":"#e4573d","cd_txt":"End in:","countdown":"2020\/12\/20","pr_des":"1","col_pr":"3","col_pr_tb":"3","col_pr_mb":"6","show_vendor":false,"show_stock_bar":true,"txt_sold":"Sold:","txt_avai":"Available:","cl_stock_1":"#4e97fd","cl_stock_2":"#77ccfd","loop":true,"au_time":0,"au_hover":true,"button":true,"btn_vi":"1","btn_owl":"1","btn_color":"3","dot":false,"dot_owl":"1","dot_color":"1","use_eq_height":false,"image_ratio":"ratio_nt","image_size":"nt_cover","image_position":"8","layout":"nt_full","mg":"80px,,80px,","pd":"","mg_mb":"","pd_mb":""}}},"content_for_index":["1581505806578","1626177433bb0d7195","1625518457202739f0","16254820344385eea8","1626204792a69f35d4","16254825036ab51104","1581508031759","1626204574fc9d6d6f","16254849454d7c544c"]}}